heb_token,eng_word,num,gen
עץ,ʕec,sg,ms
סנדלר,sandlār,sg,ms
דודי,dodī,sg,ms
עיתון,ʕitōn,sg,ms
ספר,sapār,sg,ms
שערות,ṣaʕarōt,pl,fm
נגר,nagār,sg,ms
קפה,qafē,sg,ms
קצף,qēcef,sg,ms
לחיים,lexayāyim,pl,fm
גילוח,gilūax,sg,ms
שמי,šmi,sg,ms
קול,qol,sg,ms
חמור,xamōr,sg,ms
אמת,ʔemēt,sg,fm
פיל,pil,sg,ms
חיות,xayōt,pl,fm
דואר,dōʔar,sg,ms
מכתב,miḳtāv,sg,ms
בול,bul,sg,ms
סל,sal,sg,ms
פעוטון,peʕuṭōn,sg,ms
ביתשימוש,beytšimūš,sg,ms
בוקר,bōqer,sg,ms
בריאות,briʔūt,sg,fm
כרוב,kruv,sg,ms
צנונית,cnonīt,sg,fm
נקודות,nequdōt,pl,fm
עמק,ʕēmeq,sg,ms
ציפורן,cipōren,sg,fm
עוגה,ʕugā,sg,fm
קפיץ,qfic,sg,ms
תודה,todā,sg,fm
לחיצת,lexicāt,sg,fm
צעצוע,caʕacūaʕ,sg,ms
קופה,qofā,sg,fm
כבשה,kivṣā,sg,fm
היפופוטם,hipopoṭām,sg,ms
צוהוריים,cohorāyim,pl,ms
ברבורים,barburīm,pl,ms
ציפור,cipōr,sg,ms
דג,dag,sg,ms
אש,ʔeš,sg,fm
מכביאש,meḳabēyʔeš,pl,ms
ענן,ʕanān,sg,ms
פרפרים,parparīm,pl,ms
סולם,sulām,sg,ms
גלים,galīm,pl,ms
דגים,dagīm,pl,ms
כיסים,kisīm,pl,ms
שדיים,šadāyim,pl,ms
זהירות,zehirūt,sg,fm
כביסה,kvisā,sg,fm
שינה,šeynā,sg,fm
צד,cad,sg,ms
בשר,baṣār,sg,ms
סנדלים,sandalīm,pl,ms
שרוך,ṣroḳ,sg,ms
מחרוזת,maxrōzet,sg,fm
אפרוח,ʔefrōax,sg,ms
אוכל,ʔōḳel,sg,ms
גרגרים,gargerīm,pl,ms
כורסה,kursā,sg,fm
ספוג,sfog,sg,ms
כף,kaf,sg,fm
גבינש,gvināš,sg,ms
ארוחתצוהוריים,ʔaruxātcohorāyim,sg,fm
אפונה,ʔafunā,sg,fm
פטל,pēṭel,sg,ms
מעדן,maʕadān,sg,ms
תפוז,tapūz,sg,ms
פודין,pūding,sg,ms
חתולה,xatulā,sg,fm
עלי,ʕalī,sg,ms
טיטול,ṭiṭūl,sg,ms
פרצופים,parcufīm,pl,ms
לחות,laxūt,sg,fm
פר,par,sg,ms
טוסיק,ṭūsiq,sg,ms
טרנזסטור,ṭranzīsṭor,sg,ms
טוש,ṭuš,sg,ms
מקלחת,miqlāxat,sg,fm
אגס,ʔagās,sg,ms
את,ʔagasīm,pl,ms
כיור,kiyōr,sg,ms
סבון,sabōn,sg,ms
פני,pney,pl,ms
עדשה,ʕadašā,sg,fm
ענבל,ʕinbāl,sg,ms
חמדתי,xemdatī,sg,fm
קלח,qēlax,sg,ms
כלי,kli,sg,ms
חיפושית,xipušīt,sg,fm
שחורים,šxorīm,pl,ms
ביצים,beycīm,pl,fm
חרק,xarāq,sg,ms
גולם,gōlem,sg,ms
מספר,mispār,sg,ms
פרח,pērax,sg,ms
כפתורים,kaftorīm,pl,ms
שום,šum,sg,ms
פנים,panīm,pl,ms
תינוקות,tinoqōt,pl,
בשול,bišūl,sg,ms
עגבניות,ʕagvaniyōt,pl,fm
עוגיות,ʕugiyōt,pl,fm
זיתים,zeytīm,pl,ms
ענב,ʕanāv,sg,ms
הרים,harīm,pl,ms
גבעות,gvaʕōt,pl,fm
עלה,ʕalē,sg,ms
חופן,xōfen,sg,ms
חמאתבוטנים,xemʔātboṭnīm,,fm
שבלולים,šablulīm,pl,ms
גז,gaz,sg,ms
פרוש,perūš,sg,ms
פרושים,perušīm,pl,ms
פריחה,prixā,sg,fm
בעיטה,beʕiṭā,sg,fm
חביתה,xavitā,sg,fm
כינור,kinōr,sg,ms
מברשת,mivrēšet,sg,fm
דף,daf,sg,ms
אוזן,ʔōzen,sg,fm
אמצע,ʔēmcaʕ,sg,ms
שקיקי,ṣaqiqēy,pl,ms
תריסים,trisīm,pl,ms
מתנות,matanōt,pl,fm
עיזה,ʕizā,sg,fm
שיער,ṣeyʕār,sg,ms
חליל,xalīl,sg,ms
חיתול,xitūl,sg,ms
מכינה,meḳinā,sg,fm
ריקוד,riqūd,sg,ms
כוויה,kwiyā,sg,fm
במקום,ʔaruxātʕēṣer,sg,fm
שעתיים,šaʕatāyim,,fm
סלק,sēleq,sg,ms
פתיתים,ptitīm,pl,ms
אטריות,ʔiṭriyōt,pl,fm
ננה,nāna,sg,fm
אפשרות,ʔefšarūt,sg,fm
תרד,tēred,sg,ms
צבעי,civʕēy,pl,ms
גברת,gevēret,sg,fm
בנאדם,benʔadām,sg,ms
סוכה,sukā,sg,fm
סוכתי,sukatī,sg,fm
פינתחי,pinātxay,sg,fm
נרותשבת,nerōtšabāt,pl,fm
הודעה,hodaʕā,sg,fm
ציבור,cibūr,sg,ms
זה,xacīl,sg,ms
סוסה,susā,sg,fm
חציר,xacīr,sg,ms
ניקיון,niqayōn,sg,ms
עוגת,ʕugāt,sg,fm
גדי,gdi,sg,ms
כנפיים,knafāyim,pl,fm
תלתן,tiltān,sg,ms
חמורים,xamorīm,pl,ms
ירק,yēreq,sg,ms
גנן,ganān,sg,ms
מיני,šeʔeriyōt,pl,fm
דגלי,diglēy,pl,ms
תבה,tevā,sg,fm
ענפי,ʕanfēy,pl,ms
זית,zāyit,sg,ms
שועל,šuʕāl,sg,ms
סוסי,susī,sg,ms
כרטיסים,karṭisīm,pl,ms
טיפול,ṭipūl,sg,ms
ימים,yamīm,pl,ms
מרץ,mērec,sg,ms
לגו,lēgo,sg,ms
שלומו,šlomō,sg,ms
מכסים,miḳsīm,pl,ms
שיעורים,šiʕurīm,pl,ms
שבת,šēvet,sg,ms
זנב,zanāv,sg,ms
טיטולים,ṭiṭulīm,pl,ms
תחפושת,taxpōṣet,sg,fm
נוצות,nocōt,pl,fm
קולה,qōla,sg,fm
פרוסת,prusāt,sg,fm
אדים,ʔedīm,pl,ms
לחי,lēxi,sg,fm
אגודל,ʔagudāl,sg,ms
חוטם,xōṭem,sg,ms
דעת,dāʕat,sg,ms
אח,ʔax,sg,ms
נקבה,neqevā,sg,fm
לבנים,levenīm,pl,fm
קופסאות,qufsaʔōt,pl,fm
שקים,ṣaqīm,pl,ms
שמשיה,šimšiyā,sg,fm
ברקים,braqīm,pl,ms
קטלוג,qaṭalōg,sg,ms
פלאיר,plāʔyer,sg,ms
חיל,xayāl,sg,ms
חילים,xayalīm,pl,ms
עוני,ʕōni,sg,ms
אוניות,ʔoniyōt,pl,fm
קרב,qrav,sg,ms
פרושו,perušō,sg,ms
יוונים,yewanīm,pl,ms
שוחט,šoxēṭ,sg,ms
שדים,šedīm,pl,ms
מגירה,megeyrā,sg,fm
שלווה,šalwā,sg,fm
וידאו,wīdeʔo,sg,ms
אותיות,ʔotiyōt,pl,ms
שקט,šēqeṭ,sg,ms
סביבון,sevivōn,sg,ms
מקהלת,maqhelāt,sg,fm
חתלתול,xataltūl,sg,ms
חריץ,xarīc,sg,ms
שקדיה,šqediyā,sg,fm
פז,paz,sg,ms
ריבועים,ribuʕīm,pl,ms
שוטר,šoṭēr,sg,ms
מסוק,masōq,sg,ms
סירה,sirā,sg,fm
אוניברסיטה,ʔunivērsiṭa,sg,fm
בכי,bēḳi,sg,ms
מטוס,maṭōs,sg,ms
מרפסת,mirpēset,sg,fm
פרות,parōt,pl,fm
כנף,kanāf,sg,fm
רפת,rēfet,sg,fm
חדרים,xadarīm,pl,ms
התקדמות,hitqadmūt,sg,fm
אמן,ʔamān,sg,ms
ערב,ʕērev,sg,fm
כוונה,kawanā,sg,fm
ריבה,ribā,sg,fm
הנאה,hanaʔā,sg,fm
חלווה,xālwa,sg,fm
משפחת,mišpāxat,sg,fm
קקאו,qaqāʔu,sg,ms
אגוז,ʔegōz,sg,ms
אגוזים,ʔegozīm,pl,ms
זקן,zaqēn,sg,ms
זקנה,zqenā,sg,fm
שנים,šanīm,pl,fm
סנטר,sanṭēr,sg,ms
מצח,mēcax,sg,ms
פיצה,pīca,sg,fm
שריטה,ṣriṭā,sg,fm
ריצ,riç_raç,sg,ms
דיסה,daysā,sg,fm
מפית,mapīt,sg,fm
כיווון,kiwūn,sg,ms
כלבה,kalbā,sg,fm
שנתיים,šnatāyim,,fm
קיצור,qicūr,sg,ms
ספל,sēfel,sg,ms
קומקום,qumqūm,sg,ms
פינג,ping_pong,sg,ms
כיסאות,kisaʔōt,pl,ms
מכנס,miḳnās,sg,ms
סופר,sūper,sg,ms
ספורט,sporṭ,sg,ms
ענין,ʕinyān,sg,ms
שרותים,šerutīm,pl,ms
מרק,marāq,sg,ms
עוף,ʕof,sg,ms
פרורילחם,perurēylēxem,pl,ms
חסה,xāsa,sg,fm
פשטידת,pašṭidāt,sg,fm
מלפפון,melafefōn,sg,ms
פנקיק,pānqeyq,sg,ms
פירות,peyrōt,pl,ms
יין,yāyin,sg,ms
עוגיה,ʕugiyā,sg,fm
שולים,bišulīm,pl,ms
קרון,qarōn,sg,ms
שמיכות,ṣmiḳōt,pl,fm
את,ʕacmī,sg,fm
שאר,šʔar,sg,ms
קוביה,qubiyā,sg,fm
פלסטיק,plāsṭiq,sg,ms
צלעות,claʕōt,pl,ms
המלצה,hamlacā,sg,fm
בסיס,basīs,sg,ms
משענת,mišʕēnet,sg,fm
קטינה,qṭinā,sg,fm
מושב,mošāv,sg,ms
מכנסיו,miḳnasāyw,pl,ms
עדינות,ʕadinūt,sg,fm
סבלנות,savlanūt,sg,fm
שידורים,šidurīm,pl,ms
דיסת,daysāt,sg,fm
קוואקר,qwāʔqer,sg,ms
כתם,kētem,sg,ms
פירמידות,piramīdot,pl,fm
פירמידה,piramīda,sg,fm
עיר,ʕir,sg,ms
טניס,ṭēnis,sg,ms
קוצים,qocīm,pl,ms
חניכה,xaniḳā,sg,fm
כוסית,kosīt,sg,fm
סוג,sug,sg,ms
דשא,dēšeʔ,sg,ms
רחבי,raxvēy,pl,ms
שכנה,šḳenā,sg,fm
נילון,nāylon,sg,ms
פס,pas,sg,ms
כתב,ktav,sg,ms
נקודה,nequdā,sg,fm
גורים,gurīm,pl,ms
כדורסל,kadursāl,sg,ms
קטר,qaṭār,sg,ms
שמו,šmo,sg,ms
אושר,ʔōšer,sg,ms
עמוד,ʕamūd,sg,ms
מרכז,merkāz,sg,ms
אמפלפייר,ʔāmplifayer,sg,ms
תיקון,tiqūn,sg,ms
קולות,qolōt,pl,ms
אותות,ʔotōt,sg,ms
אופן,ʔōfen,sg,ms
גרעין,garʕīn,sg,ms
ליבה,libā,sg,fm
אדמה,ʔadamā,sg,fm
מאוורר,meʔawrēr,sg,ms
ברכה,braḳā,sg,fm
יצור,yecūr,sg,ms
מוץ,moc,sg,ms
עלייך,ʕalāyiḳ,pl,ms
הצלחה,haclaxā,sg,fm
מרפק,marpēq,sg,ms
על,šforfēret,sg,fm
חוגה,xugā,sg,fm
קו,qaw,sg,ms
חצאית,xacaʔīt,sg,fm
שק,ṣaq,sg,ms
בגדי,bigdēy,pl,ms
התחשבות,hitxašvūt,sg,fm
צוות,cēwet,sg,ms
בועה,buʕā,sg,fm
תפוחאדמה,tapūaxʔadamā,sg,ms
מכונה,meḳonā,sg,fm
שכנים,šḳenīm,pl,ms
נעלי,naʕalāy,pl,fm
אצבע,ʔēcbaʕ,sg,fm
מנצ,mānçiz,sg,ms
בסקוויט,bisqwīṭ,sg,ms
קינמון,qinamōn,sg,ms
גדותיה,gdotēyha,pl,fm
חדראוכל,xadārʔōḳel,sg,ms
פעמים,peʕamīm,pl,fm
מדבר,midbār,sg,ms
גלידות,glīdot,pl,fm
חמאה,xemʔā,sg,fm
נזקים,nezaqīm,pl,ms
סכינים,sakinīm,pl,ms
פנתר,pantēr,sg,ms
קופים,qofīm,pl,ms
בננות,banānot,pl,fm
שרפרף,šrafrāf,sg,ms
מסור,masōr,sg,ms
קרחת,qarāxat,sg,fm
גבות,gabōt,pl,fm
מקור,maqōr,sg,ms
עניני,ʕinyanēy,pl,ms
פילים,pilīm,pl,ms
אקורדיון,ʔaqordiyōn,sg,ms
הפסקה,hafsaqā,sg,fm
אפו,ʔapō,sg,ms
מנה,manā,sg,fm
קשוטים,qišuṭīm,pl,ms
קרציות,qarciyōt,pl,fm
עדשים,ʕadašīm,pl,fm
אורחים,ʔorxīm,pl,ms
אפרוחים,ʔefroxīm,pl,ms
חזיר,xazīr,sg,ms
אסירתציון,ʔasirātciyōn,sg,fm
קיפוד,qipōd,sg,ms
המהומים,himhumīm,pl,ms
כתף,katēf,sg,fm
לכלוכים,liḳluḳīm,pl,ms
פינוק,pinūq,sg,ms
נדיבות,nedivūt,sg,fm
שירי,širēy,pl,ms
חלה,xalā,sg,fm
נמלה,nemalā,sg,fm
תחנה,taxanā,sg,fm
וו,waw,sg,ms
לולאה,lulaʔā,sg,fm
עגלים,ʕagalīm,pl,ms
נסיעה,nesiʕā,sg,fm
חיייה,xayēyha,pl,ms
גלגלים,galgalīm,pl,ms
טעם,ṭāʕam,sg,ms
דובדבן,duvdevān,sg,ms
פשטידה,pašṭidā,sg,fm
קציצה,qcicā,sg,fm
פאה,peʔā,sg,fm
לחש,lāxaš,sg,ms
פרפרי,parparēy,pl,ms
רשת,rēšet,sg,fm
נוחות,noxūt,sg,fm
תוכנית,toḳnīt,sg,fm
נעליביית,naʕalēybāyit,pl,fm
אנפילאות,ʔanpilaʔōt,pl,fm
קוץ,qoc,sg,ms
מזמוז,mizmūz,sg,ms
רמז,rēmez,sg,ms
פח,pax,sg,ms
ידך,yadēḳ,sg,fm
אהיל,ʔahīl,sg,ms
כרס,kēres,sg,fm
ענקית,ʕanaqīt,sg,fm
מלפפונים,melafefonīm,pl,ms
חתיכת,xatiḳāt,sg,fm
ניצולת,nicolāt,sg,fm
פוליו,pōlyo,sg,ms
דבר,ʔem,sg,fm
הפתעה,haftaʕā,sg,fm
סדרה,sidrā,sg,fm
ארגמן,ʔargamān,sg,ms
גדר,gadēr,sg,fm
מחבואים,maxboʔīm,pl,ms
קלפים,qlafīm,pl,ms
ידו,yadō,sg,fm
פומלית,pomelīt,sg,fm
סכינאי,sakināʔy,sg,ms
מסיבה,mesibā,sg,fm
אחיות,ʔaxayōt,pl,fm
אחות,ʔaxōt,sg,fm
פינת,pināt,sg,fm
עליהם,ʕaleyhēm,pl,ms
אשמתה,ʔašmatāh,sg,fm
פלח,pēlax,sg,ms
פומליות,pomeliyōt,pl,fm
זוגתי,zugatī,sg,ms
אזור,ʔezōr,sg,ms
רשומים,rišumīm,pl,ms
פינות,pinōt,pl,fm
לחמניה,laxmaniyā,sg,fm
לייל,lāyil,sg,ms
גיבורי,giborēy,pl,ms
נשות,nešōt,pl,fm
אסון,ʔasōn,sg,ms
ספינות,sfinōt,pl,fm
מפרש,mifrāṣ,sg,ms
ספינה,sfinā,sg,fm
עוגן,ʕōgen,sg,ms
זמר,zamār,sg,ms
נבל,nēvel,sg,ms
שירה,širā,sg,fm
גיבורים,giborīm,pl,ms
מגן,magēn,sg,ms
חנית,xanīt,sg,ms
כידון,kidōn,sg,ms
ידית,yadīt,sg,fm
מחנה,maxanē,sg,ms
חלום,xalōm,sg,ms
ינצחו,nicaxōn,sg,ms
בחורים,baxurīm,pl,ms
יוחסין,yoxasīn,sg,ms
דגל,dēgel,sg,ms
אשתו,ʔištō,sg,fm
כרכרה,kirkarā,sg,fm
לוחמים,loxamīm,pl,ms
מנדרינה,mandarīna,sg,fm
מרגרינה,margarīna,sg,fm
מגינים,maginīm,pl,ms
נחש,naxāš,sg,ms
פידי,lapidēy,pl,ms
לו,lewayā,sg,fm
מפלץ,miflāc,sg,ms
עינו,ʕeynō,sg,fm
צקלופ,ciqlōp,sg,ms
שוקו,šōqo,sg,ms
חמודים,xamudīm,pl,ms
מגש,magāš,sg,ms
פלא,pēleʔ,sg,ms
שכבה,šiḳvā,sg,fm
פקידה,pqidā,sg,fm
שטן,ṣaṭān,sg,ms
שיאי,ṣiʔēy,pl,ms
פיתול,pitūl,sg,ms
מעדר,maʕadēr,sg,ms
מעקה,maʕaqē,sg,ms
קצב,qēcev,sg,ms
תפוחיאדמה,tapuxēyʔadamā,pl,ms
טעויות,ṭaʕuyōt,pl,fm
עפיפון,ʕafifōn,sg,ms
קור,qur,sg,ms
רימון,rimōn,sg,ms
עט,ʕeṭ,sg,ms
גרביים,garbāyim,pl,ms
עמל,ʕamāl,sg,ms
ירך,yarēḳ,sg,fm
עוגות,ʕugōt,pl,fm
ידיה,yadēyha,pl,fm
מבט,mabāṭ,sg,ms
כד,kad,sg,ms
כפר,kfar,sg,ms
אלף,ʔēlef,sg,ms
התפתחות,hitpatxūt,sg,fm
קוקו,qūqu,sg,ms
סיכה,sikā,sg,fm
פשר,pēšer,sg,ms
פלסטלינה,plasṭelīna,sg,fm
סירנה,sirēna,sg,fm
צופר,cofār,sg,ms
יומיים,yomāyim,,ms
אצבעון,ʔecbaʕōn,sg,ms
אצבעונים,ʔecbeʕonīm,pl,ms
אפרסק,ʔafarsēq,sg,ms
זעטוטה,zaʕaṭuṭā,sg,fm
קייץ,qāyic,sg,ms
כשרונות,kišronōt,pl,ms
אשכול,ʔeškōl,sg,ms
גביע,gavīaʕ,sg,ms
פסתוק,fīstuq,sg,ms
זינוק,zinūq,sg,ms
יער,yāʕar,sg,ms
סרטן,sarṭān,sg,ms
חסידה,xasidā,sg,fm
כרית,karīt,sg,fm
איל,ʔayāl,sg,ms
חילזון,xilazōn,sg,ms
שבלול,šablūl,sg,ms
דבורה,dvorā,sg,fm
צרעה,cirʕā,sg,fm
סנאי,snaʔī,sg,ms
רקע,rēqaʕ,sg,ms
קורים,qurīm,pl,ms
כרטיס,karṭīs,sg,ms
לשון,lešōn,sg,fm
מליצה,melicā,sg,fm
גירי,girēy,pl,ms
שמן,šēmen,sg,ms
רופאה,rofʔā,sg,fm
קערה,qeʕarā,sg,fm
סטטוסקופ,sṭaṭosqōp,sg,ms
ציפורניים,cipornāyim,pl,fm
רפלקסים,riflēqsim,pl,ms
ניתוחים,nituxīm,pl,ms
פנצטה,pincēṭa,sg,fm
בדיקת,bdiqāt,sg,fm
סט,seṭ,sg,ms
תחפושות,taxpoṣōt,pl,fm
עניבה,ʕanivā,sg,fm
שרווול,šarwūl,sg,ms
שוק,šuq,sg,ms
פשפשים,pišpešīm,pl,ms
אפודה,ʔafudā,sg,fm
אפונים,ʔafunīm,pl,fm
מותניים,motnāyim,pl,fm
מגבות,magavōt,pl,fm
חבילה,xavilā,sg,fm
הצעה,hacaʕā,sg,fm
קרם,qrem,sg,ms
שקיק,ṣaqīq,sg,ms
תירסים,tīrasim,pl,ms
ירידה,yeridā,sg,fm
צורך,ʕaliyā,sg,fm
פנינו,panēynu,pl,ms
מסעד,misʕād,sg,ms
חתולים,xatulīm,pl,ms
הצגות,hacagōt,pl,fm
מכחול,mikxōl,sg,ms
מכחולים,mikxolīm,pl,ms
פטיש,paṭīš,sg,ms
קרקס,qirqās,sg,ms
מחצלת,maxcēlet,sg,fm
משמעות,mašmaʕūt,sg,fm
שחור,šxor,sg,ms
אורחת,ʔorāxat,sg,fm
צפרדעים,cfardeʕīm,pl,fm
עקבות,ʕiqvōt,pl,fm
סיד,sid,sg,ms
רעמה,raʕamā,sg,fm
צבעיפנדה,civʕēypānda,pl,ms
דוגמה,dugmā,sg,fm
חברות,xaverōt,pl,fm
טון,ṭon,sg,ms
בקשה,baqašā,sg,fm
אובן,ṭōsṭer_ʔōven,sg,ms
מצוקה,mecuqā,sg,fm
פתיתי,ptitēy,pl,ms
סיבה,sibā,sg,fm
מנגינה,manginā,sg,fm
אקדח,ʔeqdāx,sg,ms
אקדחים,ʔeqdaxīm,pl,ms
ידיות,yadiyōt,pl,fm
ברזל,barzēl,sg,ms
חידון,xidōn,sg,ms
צחוק,cxoq,sg,ms
תקווה,tiqwā,sg,fm
מזון,mazōn,sg,ms
אשפתות,ʔašpatōt,pl,fm
שלום,šlom,sg,ms
פיקוד,piqūd,sg,ms
אבנים,ʔavanīm,pl,fm
מסיבת,mesibāt,sg,fm
מאכלים,maʔaḳalīm,pl,ms
רוב,rov,sg,ms
תודות,todōt,pl,fm
תרגיל,targīl,sg,ms
קצר,qēcer,sg,ms
המשך,hemšēḳ,sg,
תומך,tumēḳ,sg,ms
מבסוט,mabsūṭ,sg,ms
ארובה,ʔarubā,sg,fm
חלוק,xalūq,sg,ms
גרגורים,girgurīm,pl,ms
שריון,širyōn,sg,ms
כתר,kēter,sg,ms
מלח,malāx,sg,ms
כפתור,kaftōr,sg,ms
קור,qor,sg,ms
כפור,kfor,sg,ms
קינוח,qinūax,sg,ms
טרנספורמטור,ṭransformāṭor,sg,ms
ספק,sapāq,sg,ms
ידי,yadī,sg,fm
סיח,syax,sg,ms
פיתרון,pitarōn,sg,ms
חידה,xidā,sg,fm
מאסטר,māʔsṭer,sg,ms
טואלט,ṭuʔalēṭ,sg,ms
פעולות,peʕulōt,pl,fm
ניגוב,nigūv,sg,ms
אשכולים,ʔeškolīm,pl,ms
טבלה,ṭavlā,sg,fm
דמעותתנין,dmaʕōttanīn,pl,fm
זרקנית,zarqanīt,sg,fm
פזלים,pāzelim,pl,ms
ידנו,yadēnu,sg,fm
תותים,tūtim,pl,ms
נחת,nāxat,sg,ms
הורייך,horāyiḳ,pl,ms
הפגנה,hafganā,sg,fm
תאריך,taʔarīḳ,sg,ms
אימהות,ʔimahōt,pl,fm
שנאי,šanāʔy,sg,ms
הזדמנות,hizdamnūt,sg,fm
החלפה,haxlafā,sg,fm
שכונה,šḳunā,sg,fm
משושה,mešušē,sg,ms
כשרון,kišarōn,sg,ms
נחריים,nexirāyim,pl,ms
נירות,neyarōt,pl,ms
מסטיקים,māsṭiqim,pl,ms
ברק,barāq,sg,ms
עלינו,ʕalēynu,pl,ms
קצפת,qacēfet,sg,fm
אמיתם,ʔamitām,sg,fm
שלווות,šalwōt,pl,fm
פרי,pri,sg,ms
חלווות,xālwot,pl,fm
זר,zer,sg,ms
כוסתה,koste,sg,fm
טנק,ṭanq,sg,ms
מתן,matān,sg,ms
מרחק,merxāq,sg,ms
קרמבו,qrēmbo,sg,ms
חשבונאות,xešbonaʔūt,sg,ms
עליו,ʕalāyw,pl,ms
קטשופים,qēṭšopim,pl,ms
קטשופ,qēṭšop,sg,ms
פלחים,plaxīm,pl,ms
קלמנטינות,qlemanṭīnot,pl,fm
אנפילאה,ʔanpilaʔā,sg,fm
תנוחת,tnuxāt,sg,fm
כאב,keʔēv,sg,ms
מעיל,meʕīl,sg,ms
נירטואלט,neyārṭuʔalēṭ,sg,fm
תחבושת,taxbōšet,sg,fm
חיפושיות,xipušiyōt,pl,fm
קקאים,qāqaʔim,pl,ms
מדינה,medinā,sg,fm
חבל,xēvel,sg,ms
גברתי,gvirtī,sg,fm
תווים,tawīm,pl,ms
שיפור,šipūr,sg,ms
קלף,qlaf,sg,ms
מדבקה,madbeqā,sg,fm
ליצנים,leycanīm,pl,ms
סדינים,sdinīm,pl,ms
סוודר,swēder,sg,ms
סווטשרט,swēṭšerṭ,sg,ms
רצ,rīçraç,sg,ms
לטפל,rīçraçim,pl,ms
מטפחת,miṭpāxat,sg,fm
התעמלות,hitʕamlūt,sg,ms
דובה,dubā,sg,fm
מסמרים,masmerīm,pl,ms
פואנטה,poʔēnṭa,sg,fm
עכברה,ʕaḳbarā,sg,fm
צלופן,celofān,sg,ms
מסמר,masmēr,sg,ms
רקטה,raqēṭa,sg,fm
טיל,ṭil,sg,ms
מחוגים,mexogīm,pl,ms
מונח,munāx,sg,ms
גברת,gvēret,sg,fm
כעך,keʕāḳ,sg,ms
מרבד,marvād,sg,ms
ארץ,ʔārec,sg,ms
סיכויים,sikuyīm,pl,ms
גועלנפש,gōʕalnēfeš,sg,ms
בצק,bacēq,sg,ms
כלבים,kēlevyam,sg,ms
חרדון,xardōn,sg,ms
לטאה,leṭaʔā,sg,fm
סמרטוטים,smarṭuṭīm,pl,ms
מכשיר,maḳšīr,sg,ms
שיעול,šiʕūl,sg,ms
אלימות,ʔalimūt,sg,fm
אילן,ʔilān,sg,ms
חיוג,xiyūg,sg,ms
פנגווין,pīngwin,sg,ms
דולפין,dolfīn,sg,ms
צבי,cvi,sg,ms
קרניים,qarnāyim,pl,fm
תוכי,tūki,sg,ms
תנשמת,tinšēmet,sg,fm
פלמנגו,flamīngo,sg,ms
עקרב,ʕaqrāb,sg,ms
קרנף,qarnāf,sg,ms
סוסים,susyam,sg,ms
ברבורי,barburī,sg,ms
קנגורו,qēnguru,sg,ms
טווס,ṭawās,sg,ms
יערות,yeʕarōt,pl,ms
כרבולת,karbōlet,sg,fm
דרכה,darkāh,sg,fm
מיכל,meyḳāl,sg,ms
תולעים,tolaʕīm,pl,fm
תאבון,teʔavōn,sg,ms
חרצן,xarcān,sg,ms
פריחות,prixōt,pl,fm
השתקפות,hištaqfūt,sg,fm
אוויר,ʔawīr,sg,ms
יקנטון,yaqinṭōn,sg,ms
ציוד,ciyūd,sg,ms
סוד,sod,sg,ms
ביתחולים,beytxolīm,sg,ms
צל,cel,sg,ms
קרני,qarnēy,pl,fm
ממתקים,mamtaqīm,pl,ms
דעתך,daʕatēḳ,sg,ms
משמישים,mīšmišim,pl,ms
משמיש,mīšmiš,sg,ms
יום,wikūax,sg,ms
מדף,madāf,sg,ms
פיקוס,fīqus,sg,ms
ברווזים,barwazīm,pl,ms
לול,lul,sg,ms
ריח,rēyax,sg,ms
אוזניה,ʔozniyā,sg,fm
מציעה,meciʕā,sg,fm
על,gabeyhēm,pl,ms
חוטמים,xoṭamīm,pl,ms
השכבה,haškavā,sg,fm
כרים,karīm,pl,ms
בקשתה,baqašatāh,sg,fm
תקליטים,taqliṭīm,pl,ms
עטיפות,ʕaṭifōt,pl,fm
סלט,salāṭ,sg,ms
שממית,ṣmamīt,sg,fm
משבצות,mišbacōt,pl,fm
משבצת,mišbēcet,sg,fm
חלקם,xelqām,sg,ms
לבנים,levanīm,pl,ms
פטריה,piṭriyā,sg,fm
צידך,cidēḳ,sg,ms
לבנה,lābane,sg,ms
משק,mēšeq,sg,ms
אנדיבידולים,ʔindividuālim,pl,ms
תחום,txum,sg,ms
דיון,diyūn,sg,ms
ששון,ṣaṣōn,sg,ms
פטוטרת,pṭoṭēret,sg,fm
שד,šed,sg,ms
מדחום,madxom,sg,ms
דלק,dēleq,sg,ms
הא,ʔamirā,sg,fm
ארמון,ʔarmōn,sg,ms
זהב,zahāv,sg,ms
גרודים,gerudīm,pl,ms
מרוצה,merucā,sg,fm
פרשת,parašāt,sg,fm
גרוש,gerūš,sg,ms
מרשמים,miršamīm,pl,ms
תרופות,trufōt,pl,fm
תשובה,tšuvā,sg,fm
קפוצ,qapuçōn,sg,ms
ססמה,sismā,sg,fm
ענף,ʕanāf,sg,ms
חורשה,xoršā,sg,fm
וילונות,wilonōt,pl,ms
תחת,tāxat,sg,ms
לימונים,limonīm,pl,ms
כלי,kley,pl,ms
מכונתכביסה,meḳonātkvisā,sg,fm
ארון,ʔarōn,sg,ms
פרוסות,prusōt,pl,fm
מסע,masāʕ,sg,ms
אוהבים,ʔohavīm,pl,ms
כמות,kamūt,sg,fm
ביתמרקחת,beytmerqāxat,sg,ms
רולים,rōlim,pl,ms
אמבט,ʔambāṭ,sg,ms
ילדתי,yaldatī,sg,fm
פצעים,pcaʕīm,pl,ms
אלרגיה,ʔelērgya,sg,fm
סבונים,sabonīm,pl,ms
מרפאת,merapēʔt,sg,fm
אות,ʔot,sg,ms
שטח,šēṭax,sg,ms
קופסת,qufsāt,sg,fm
ציפוי,cipūy,sg,ms
דובדבנים,duvdevanīm,pl,ms
חוכמה,xoḳmā,sg,fm
תחרות,taxarūt,sg,fm
דפניר,dafniyār,sg,ms
נדודך,bendodḳā,sg,ms
דפיקה,dfiqā,sg,fm
עצב,ʕēcev,sg,ms
טורקיז,ṭurqīz,sg,ms
פצירה,pcirā,sg,fm
שבר,šēver,sg,ms
פיקה,piqā,sg,fm
קוקוס,qōqus,sg,ms
מצעד,micʕād,sg,ms
שטות,šṭut,sg,fm
פרצופה,parcufāh,sg,ms
עין,ʕeyn,sg,fm
דו,du_ṣīax,sg,ms
פתיחה,ptixā,sg,fm
אלון,ʔalōn,sg,ms
סופו,sofō,sg,ms
טרקטור,ṭrāqṭor,sg,ms
הסבר,hesbēr,sg,ms
קערת,qeʕarāt,sg,fm
אסלה,ʔaslā,sg,fm
עירום,ʕeyrōm,sg,ms
חודשיים,xodšāyim,,ms
רצועה,recuʕā,sg,fm
מורד,morād,sg,ms
כלבלבים,klavlavīm,pl,ms
תרגילי,targilēy,pl,ms
חורשה,xuršā,sg,fm
חבובתי,xabubatī,sg,fm
גרוד,gerūd,sg,ms
קיבוץ,qibūc,sg,ms
תנינים,taninīm,pl,ms
בעיה,beʕayā,sg,fm
שיח,ṣīax,sg,ms
סנדוויצ,sēndwiç,sg,ms
טבח,ṭabāx,sg,ms
ביתספר,beytsēfer,sg,ms
עבודות,ʕavodōt,pl,fm
ליצנית,leycanīt,sg,fm
צלילי,clilēy,pl,ms
להקת,lehaqāt,sg,fm
קשר,qēšer,sg,ms
תחתוני,taxtonāy,pl,ms
קשקוש,qišqūš,sg,ms
בילויים,biluyīm,pl,ms
קרוקודיל,qroqodīl,sg,ms
שן,šen,sg,fm
חגורה,xagorā,sg,fm
שפם,ṣafām,sg,ms
הצבת,cvat,sg,ms
מקרים,miqrīm,pl,ms
סבים,savīm,pl,ms
קפיצה,qficā,sg,fm
חמסין,xamsīn,sg,
אופנוע,ʔofanōaʕ,sg,ms
פעמון,paʕamōn,sg,ms
דוושות,dawšōt,pl,fm
פדלים,pedālim,pl,ms
עצמם,ʕacmām,sg,fm
בתים,batīm,pl,ms
דמעה,dimʕā,sg,fm
שערה,ṣeʕarā,sg,fm
ברירה,breyrā,sg,fm
סודות,sodōt,pl,ms
צמות,camōt,pl,fm
צמה,camā,sg,fm
טיפות,ṭipōt,pl,fm
זגוגית,zgugīt,sg,fm
גחלילית,gaxlilīt,sg,fm
גחלליות,gaxliliyōt,pl,fm
מיני,sibōt,pl,fm
דרקון,draqōn,sg,ms
תאור,teʔūr,sg,ms
חורים,xorīm,pl,ms
שידה,šidā,sg,fm
נקנקיות,naqniqiyōt,pl,fm
נזלת,nazēlet,sg,fm
כלבים,klavīm,pl,ms
אקווריום,ʔaqwāryum,sg,ms
חולצות,xulcōt,pl,fm
מטריה,miṭriyā,sg,fm
רפואה,refuʔā,sg,fm
מטריות,miṭriyōt,pl,fm
נמלים,nemalīm,pl,fm
קן,qen,sg,ms
מנהרה,minharā,sg,fm
תוכים,tūkim,pl,ms
ברווזה,barwazā,sg,fm
ארנבת,ʔarnēvet,sg,fm
חוק,xoq,sg,ms
נושא,noṣēʔ,sg,ms
ספלים,sfalīm,pl,ms
עכבשים,ʕakavišīm,pl,ms
הגיגים,hagigīm,pl,ms
מלונה,melunā,sg,fm
לביבת,levivāt,sg,fm
מיני,xafacīm,pl,ms
פטיפון,pāṭifon,sg,ms
צידי,cidēy,pl,ms
חמציצים,xamcicīm,pl,ms
מלבנים,malbenīm,pl,ms
גנים,gēnim,pl,ms
מטרות,maṭarōt,pl,fm
תרבותיות,tarbutiyūt,sg,ms
שמלות,ṣmalōt,pl,fm
רופאשניים,rofēʔšināyim,sg,ms
שמאל,ṣmōʔl,sg,ms
שומן,šumān,sg,ms
מצירים,xazirīm,pl,ms
חרטום,xarṭōm,sg,ms
קרש,qēreš,sg,ms
כלוב,kluv,sg,ms
נורית,nurīt,sg,fm
צלילים,clilīm,pl,ms
בלבול,bilbūl,sg,ms
מעשייך,maʕaṣāyiḳ,pl,ms
בזבוז,bizbūz,sg,ms
ליטוף,liṭūf,sg,ms
ליטופים,liṭufīm,pl,ms
נשוקים,nišuqīm,pl,ms
רקיק,raqīq,sg,ms
קציצת,qcicāt,sg,fm
טפטופים,ṭifṭufīm,pl,ms
זרעונים,zerʕonīm,pl,ms
דם,dam,sg,ms
ורידים,wridīm,pl,ms
גאון,gaʔōn,sg,ms
חוכמות,xoḳmōt,pl,fm
דברים,xaḳamīm,pl,ms
מבנה,mivnē,sg,ms
חשבון,xešbōn,sg,fm
שלום,šalō^m,sg,ms
פרור,perūr,sg,ms
פירור,peyrūr,sg,ms
הבדל,hevdēl,sg,ms
משוכה,meṣuḳā,sg,fm
פטפוט,piṭpūṭ,sg,ms
מערכת,maʕarēḳet,sg,fm
רמקול,rāmqol,sg,ms
חובה,xovā,sg,fm
אומץ,ʔōmec,sg,ms
חת,xat,sg,ms
תכשיט,taḳšīṭ,sg,ms
לילות,leylōt,pl,ms
עיקרון,ʕiqarōn,sg,ms
היפוכו,hipuḳō,sg,ms
ספק,safēq,sg,fm
להבה,lehavā,sg,fm
מרגש,margāš,sg,ms
קרקע,qārqaʕ,sg,fm
שמנת,šamēnet,sg,fm
ויטמינים,wiṭamīnim,pl,ms
כרמים,kramīm,pl,ms
שדות,ṣadōt,pl,ms
קומות,qomōt,pl,fm
קומה,qomā,sg,fm
ביתה,beytāh,sg,ms
משכבה,miškavāh,sg,ms
סנאית,snaʔīt,sg,fm
שלט,šēleṭ,sg,ms
דירה,dirā,sg,fm
עולה,ʕolā,sg,fm
מסדרון,misdarōn,sg,ms
דירות,dirōt,pl,fm
ארנבות,ʔarnavōt,pl,fm
כינים,kinīm,pl,fm
סיגר,sigār,sg,ms
עולה,ʕolē,sg,ms
זמיר,zamīr,sg,ms
זיכרון,zikarōn,sg,ms
יונה,yonā,sg,fm
חוכמותיה,xoḳmotēyha,pl,fm
צמחים,cmaxīm,pl,ms
סרגל,sargēl,sg,ms
מדידה,medidā,sg,fm
אורך,ʔōreḳ,sg,ms
מידה,midā,sg,fm
קצרים,qcarīm,pl,ms
משפט,mišpāṭ,sg,ms
בור,bor,sg,ms
ארוחתמנחה,ʔaruxātminxā,sg,fm
פרוסה,prusā,sg,fm
עורבים,ʕorvīm,pl,ms
קילו,qīlo,sg,ms
קוד,qod,sg,ms
מורה,morē,sg,ms
שרשרת,šaršēret,sg,fm
חמד,xēmed,sg,ms
חודש,xōdeš,sg,ms
חודשים,xodašīm,pl,ms
סנדוויצ,sēndwiçim,pl,ms
סבתות,savtōt,pl,fm
בדיחה,bdixā,sg,fm
בדיחות,bdixōt,pl,fm
מנגו,māngo,sg,ms
לוחות,luxōt,pl,ms
איילת,ʔayēlet,sg,fm
רעפים,reʕafīm,pl,ms
חקלאים,xaqlaʔīm,pl,ms
ילדות,yeladōt,pl,fm
זה,banaʔīm,pl,ms
ייבוש,yibūš,sg,ms
שמש,šamāš,sg,ms
כדים,kadīm,pl,ms
גמלים,gmalīm,pl,ms
תוף,tof,sg,ms
חכה,xakā,sg,fm
מזמור,mizmōr,sg,ms
לחץ,lāxac,sg,ms
ותרנית,watranīt,sg,fm
חיבה,xibā,sg,fm
כול,ṣixīm,pl,ms
חזירות,xazirūt,sg,ms
זריקת,zriqāt,sg,fm
צהו,gvinā_cehubā,sg,fm
חווה,xawā,sg,fm
מכות,makōt,pl,fm
פאזל,pāʔzel,sg,ms
מלון,melōn,sg,ms
שפה,ṣafā,sg,fm
ספרות,sfarōt,pl,fm
אפס,ʔēfes,sg,ms
סימנים,simanīm,pl,ms
עלים,ʕalīm,pl,ms
משטחים,mišṭaxīm,pl,ms
קוקיות,quqiyōt,pl,fm
חוכמתך,xoḳmatēḳ,sg,fm
פסנתר,psantēr,sg,ms
כיסויי,kisuyēy,pl,ms
כדורגל,kadurēgel,sg,ms
נחיר,nexīr,sg,ms
עטלף,ʕaṭalēf,sg,ms
קשקושים,qišqušīm,pl,ms
גרגירי,gargirēy,pl,ms
מאייד,meʔayēd,sg,ms
רגעים,regaʕīm,pl,ms
קשים,qašīm,pl,ms
נשימה,nešimā,sg,fm
פרחח,pirxāx,sg,ms
שוטרים,šoṭrīm,pl,ms
מלכה,malkā,sg,fm
אבות,ʔavōt,pl,ms
דגלים,dgalīm,pl,ms
גד,gad,sg,ms
תומו,tumō,sg,ms
בעיה,baʕayā,sg,fm
מרחבים,merxavīm,pl,ms
צלב,clav,sg,ms
חוץ,xuc_le_ʔārec,sg,ms
עיתונים,ʕitonīm,pl,ms
תרגילים,targilīm,pl,ms
ראשן,roʔšān,sg,ms
ראשנים,roʔšanīm,pl,ms
אמיתי,ʔamitī,sg,fm
זברה,zēbra,sg,fm
ראשה,roʔšāh,sg,ms
קצווות,qcawōt,pl,ms
משקפת,mišqēfet,sg,fm
שנת,šnat,sg,fm
עניניה,ʕinyanēyha,pl,ms
רהיטים,rehiṭīm,pl,ms
ביתמלון,beytmalōn,sg,ms
אורווה,ʔurwā,sg,fm
עציץ,ʕacīc,sg,ms
שיחה,ṣixā,sg,fm
מכסות,miḳsōt,pl,fm
שמשה,šimšā,sg,fm
זכוכית,zḳuḳīt,sg,fm
בסקוויטים,bisqwīṭim,pl,ms
התלבשות,hitlabšūt,sg,fm
זיקוק,ziqūq,sg,ms
סנדלייך,sandalāyiḳ,pl,ms
קלידוסקופ,qlaydosqōp,sg,ms
שזיפים,šezifīm,pl,ms
רגלייך,raglāyiḳ,pl,fm
פילה,pilā,sg,fm
שערוריה,šaʕaruriyā,sg,fm
זכוכית,zḳuḳīt_magdēlet,sg,fm
בט,ʔaqrobāṭ,sg,ms
זכוכיות,zḳuḳiyōt,pl,fm
סוכריות,sukaryōt,pl,fm
בוגודל,gōdel,sg,ms
הדבקות,hadbaqōt,pl,fm
פתק,pēteq,sg,ms
בדים,badīm,pl,ms
טרפז,ṭrapēz,sg,ms
כוכבים,koḳavīm,pl,ms
מסכה,maseḳā,sg,fm
קרטיב,qārṭiv,sg,ms
אבטיח,ʔavaṭīax,sg,ms
שקדים,šqedīm,pl,ms
שקד,šaqēd,sg,ms
פתח,pētax,sg,ms
רעל,rāʕal,sg,ms
עקרבים,ʕaqrabīm,pl,ms
ימינו,yamēynu,pl,ms
אביב,ʔavīv,sg,ms
כוורת,kawēret,sg,fm
ברבור,barbūr,sg,ms
צדפים,cdafīm,pl,ms
שורות,šurōt,pl,fm
כתיב,ktiv,sg,ms
שתיה,štiyā,sg,fm
צווארון,cawaʔrōn,sg,ms
כמו,gzirōt,pl,fm
מספריים,misparāyim,pl,ms
בדיקות,bdiqōt,pl,fm
הצלבה,haclavā,sg,fm
צורת,curāt,sg,fm
גרזן,garzēn,sg,ms
קרקל,qaraqāl,sg,ms
תלתלים,taltalīm,pl,ms
ספורטאית,sporṭaʔīt,sg,fm
הדבקה,hadbaqā,sg,fm
רשרושים,rišrušīm,pl,ms
ברז,bērez,sg,ms
שפנים,šfanīm,pl,ms
ארנבים,ʔarnavīm,pl,ms
ארנביה,ʔarnavēyha,pl,ms
זנבות,znavōt,pl,ms
מאורה,meʔurā,sg,fm
אשמתנו,ʔašmatēnu,sg,fm
טורים,ṭurīm,pl,ms
גבי,gabēy,pl,ms
צפיות,cipiyōt,pl,fm
גוריה,gurēyha,pl,ms
עכבריה,ʕaḳbarēyha,pl,ms
מעשיה,maʕaṣēyha,pl,ms
ביוב,biyūv,sg,ms
מלכת,malkāt,sg,fm
קפצן,qafcān,sg,ms
מגדלים,migdalīm,pl,ms
מסילות,mesilōt,pl,fm
גזירה,gzirā,sg,fm
שניצל,šnīcel,sg,ms
איברים,ʔeyvarīm,pl,ms
קרטון,qarṭōn,sg,ms
קנטון,qanṭōn,sg,ms
שבוע,šavūaʕ,sg,ms
אקמול,ʔaqamōl,sg,ms
מטבעות,maṭbeʕōt,pl,ms
אפרו,ʔāfro,sg,ms
פרק,parq,sg,ms
ספריה,sifriyā,sg,fm
רמזור,ramzōr,sg,ms
תמרורים,tamrurīm,pl,ms
חו,xovēret,sg,fm
לימוד,nehigā,sg,fm
ריצה,ricā,sg,fm
זבל,zēvel,sg,ms
חצץ,xacāc,sg,ms
פלפל,pilpēl,sg,ms
בטטה,baṭāṭa,sg,fm
הברה,havarā,sg,fm
חזה,xazē,sg,ms
דרדס,dardās,sg,ms
עגיל,ʕagīl,sg,ms
קוט,qōṭeʝ,sg,ms
סלון,salōn,sg,ms
קסטניטות,qasṭanyēṭot,pl,fm
טושים,ṭūšim,pl,ms
מטאטא,maṭaʔṭēʔ,sg,ms
חדרשינה,xadāršeynā,sg,ms
מערה,meʕarā,sg,fm
אופנוע,ʔofnōaʕ,sg,ms
עגילים,ʕagilīm,pl,ms
סבתה,savatāh,sg,fm
שטיח,šaṭīax,sg,ms
סינור,sinōr,sg,ms
אמבולנס,ʔāmbulans,sg,ms
ענינים,ʕinyanīm,pl,ms
תקע,tēqaʕ,sg,ms
מגירה,megirā,sg,fm
משוטים,mešoṭīm,pl,ms
סירתמשוטים,sirātmešoṭīm,sg,fm
מרוץ,merūc,sg,ms
מורה,morā,sg,fm
משוט,mašōṭ,sg,ms
סלסילה,salsilā,sg,fm
משטרה,mišṭarā,sg,fm
דלתות,dlatōt,pl,fm
מפקד,mefaqēd,sg,ms
פן,fen,sg,ms
מכונתתפירה,meḳonāttfirā,sg,fm
מגירות,megeyrōt,pl,fm
כדור,kadūr_porēax,sg,ms
פמוט,pamōṭ,sg,ms
עפרונות,ʕefronōt,pl,ms
תריס,tris,sg,ms
יוקרה,yoqrā,sg,fm
חצר,xacēr,sg,
רימוט,rimōṭ_qonṭrōl,sg,ms
צרור,cror,sg,ms
מפתחות,maftexōt,pl,ms
חופש,xōfeš,sg,ms
מחרשה,maxrešā,sg,fm
צליל,clil,sg,ms
חיבוק,xibūq,sg,ms
בטריות,baṭarīyot,pl,fm
לעשות,sōda,sg,fm
נוף,nof,sg,ms
מכון,maḳōn,sg,ms
חומר,xōmer,sg,ms
קרוסלה,qarusēla,sg,fm
סקטים,sqēṭim,pl,ms
מחסן,maxsān,sg,ms
שלב,šalāv,sg,ms
עוגתשוקולד,ʕugātšōqolad,sg,fm
פנסים,panasīm,pl,ms
פקק,pqaq,sg,ms
מפתח,maftēax,sg,ms
רשימה,rešimā,sg,fm
טלפונים,ṭēlefonim,pl,ms
שמות,šemōt,pl,ms
עצמו,ʕacmō,sg,fm
רקדנית,raqdanīt,sg,fm
אודם,ʔōdem,sg,ms
קורנפלקס,qōrnfleqs,sg,ms
מפוחית,mapūxīt,sg,fm
מקלדת,miqlēdet,sg,fm
נדנדות,nadnedōt,pl,fm
שפן,šfan,sg,ms
סירתמנוע,sirātmanōaʕ,sg,fm
טיפותי,ṭipotāy,pl,fm
קלסר,qlasēr,sg,ms
סלע,sēlaʕ,sg,ms
מחשב,maxšēv,sg,ms
מחשבים,maxševīm,pl,ms
מילוי,milūy,sg,ms
רחוק,šalāṭ_raxōq,sg,ms
תבלין,tavlīn,sg,ms
רובוט,rōboṭ,sg,ms
תנורגז,tanūrgaz,sg,ms
שלומך,šlomḳā,sg,ms
מגפיים,magafāyim,pl,ms
אלבום,ʔalbōm,sg,ms
אוטוגלידה,ʔōṭoglīda,sg,ms
מכונת,meḳonāt,sg,fm
גפרור,gafrūr,sg,ms
ניצוץ,nicōc,sg,ms
מסיק,masīq,sg,ms
מנורות,menorōt,pl,fm
סרטים,sraṭīm,pl,ms
קומפוט,qompōṭ,sg,ms
מספרה,misparā,sg,fm
ארנק,ʔarnāq,sg,ms
בוקס,boqs,sg,ms
טיס,ṭayās,sg,ms
שבועות,šavuʕōt,pl,ms
צמר,cēmer,sg,ms
גפן,gēfen,sg,fm
צמרגפן,cēmergēfen,sg,ms
מעלית,maʕalīt,sg,fm
רובה,rovē,sg,ms
מזרקה,mizraqā,sg,fm
כפפות,kfafōt,pl,fm
צירים,cirīm,pl,ms
מגנט,magnēṭ,sg,ms
זרוע,zrōaʕ,sg,fm
טוסטר,ṭōsṭer,sg,ms
מכולת,makōlet,sg,fm
מילואים,miluʔīm,pl,ms
מגלצ,magleçā,sg,fm
טיפים,ṭēypim,pl,ms
מקרוגל,mīqrogal,sg,ms
סקי,sqi,sg,ms
גבעול,givʕōl,sg,ms
מזנון,miznōn,sg,ms
חגיגה,xagigā,sg,fm
ציוץ,ciyūc,sg,ms
שמפו,šampō,sg,ms
מטבע,maṭbēaʕ,sg,ms
פסירכבת,pasēyrakēvet,pl,ms
הגה,hēge,sg,ms
מקלט,miqlāṭ,sg,ms
מקומות,meqomōt,pl,ms
חכם,xaḳām,sg,ms
עליך,ʕalēyḳa,pl,ms
סליל,slil,sg,ms
סינר,sinār,sg,ms
סידורים,sidurīm,pl,ms
מדורות,medurōt,pl,fm
כפפה,kfafā,sg,fm
עמידה,ʕamidā,sg,fm
שקיות,ṣaqiyōt,pl,fm
מטלית,maṭlīt,sg,fm
חיצים,xicīm,pl,ms
מזרקות,mizraqōt,pl,fm
עקיצה,ʕaqicā,sg,fm
עקיצות,ʕaqicōt,pl,fm
עבדים,ʕavadīm,pl,fm
אטריה,ʔiṭriyā,sg,fm
תליה,tliyā,sg,fm
חגב,xagāv,sg,ms
בית,beyt,sg,ms
ארונבגדים,ʔarōnbgadīm,sg,fm
דיבורים,diburīm,pl,ms
מנוף,manōf,sg,ms
משקפישמש,mišqafēyšēmeš,pl,ms
תיבתדואר,teyvātdōʔar,sg,fm
מודעה,modaʕā,sg,fm
גושים,gušīm,pl,ms
מסעדה,misʕadā,sg,fm
פופקורן,pōpqoren,sg,ms
מנעול,manʕūl,sg,ms
קירות,qirōt,pl,ms
ענפים,ʕanafīm,pl,ms
קופתחולים,qupātxolīm,sg,fm
זבוב,zvuv,sg,ms
מרוצים,merucīm,pl,ms
בעל,bāʕal,sg,ms
ביתקפה,beytqafē,sg,ms
קרח,qērax,sg,ms
פחית,paxīt,sg,fm
יצירה,yecirā,sg,fm
קטע,qēṭaʕ,sg,ms
יתוש,yatūš,sg,ms
טינר,ṭīner,sg,ms
כתמים,ktamīm,pl,ms
מפיק,mapīq,sg,ms
צמיד,camīd,sg,ms
תחנתרוח,taxanātrūax,sg,fm
רכבות,rakavōt,pl,fm
ברזים,brazīm,pl,ms
נכון,gaʕagūaʕ,sg,ms
גל,gal,sg,ms
קיטנה,qeyṭanā,sg,fm
שכיבה,šḳivā,sg,fm
שקל,šēqel,sg,ms
קונים,qonīm,pl,ms
אוטוזבל,ʔōṭozēvel,sg,ms
צנצנות,cincanōt,pl,fm
זריקות,zriqōt,pl,fm
טקסי,ṭēqsi,sg,ms
מונית,monīt,sg,fm
מצנח,micnāx,sg,ms
גונגל,ʝuq,sg,ms
שעתסיפור,šʕatsipūr,sg,fm
מעליות,maʕaliyōt,pl,fm
סתו,staw,sg,ms
יש,ʔicṭabā,sg,fm
יונים,yonīm,pl,fm
קבוצות,qvucōt,pl,fm
קבוצה,qvucā,sg,fm
חיילת,xayēlet,sg,fm
מעבר,maʕavār,sg,ms
שיפוצים,šipucīm,pl,ms
המבורגר,hāmburger,sg,ms
גנחיות,ganxayōt,sg,ms
פקקים,pqaqīm,pl,ms
קווים,qawīm,pl,ms
חוד,xod,sg,ms
עצמנו,ʕacmēnu,sg,fm
פריזר,frīzer,sg,ms
צדף,cdaf,sg,ms
תיקים,tiqīm,pl,ms
קולב,qolāv,sg,ms
אופנים,ʔofanīm,pl,ms
אופנועים,ʔofnoʕīm,pl,ms
בלונגז,balōngaz,sg,ms
יוגורט,yōgurṭ,sg,ms
מחיאותכפיים,mexiʔōtkapāyim,pl,fm
שואבאבק,šoʔēvʔavāq,sg,ms
שעות,šaʕōt,pl,fm
טובות,ṭovōt,pl,fm
מכתבים,miḳtavīm,pl,ms
שקי,ṣaqēy,pl,ms
מלון,malōn,sg,ms
עופר,ʕōfer,sg,ms
חביות,xaviyōt,pl,fm
עריסה,ʕarisā,sg,fm
קקה,qāqa,sg,ms
משרוקיות,mašroqiyōt,pl,fm
חלילית,xalilīt,sg,fm
פופיק,pūpiq,sg,ms
מדבקות,madbeqōt,pl,fm
פטנת,paṭēnt,sg,ms
מאכל,maʔaḳāl,sg,ms
נעלביית,nāʕalbāyit,sg,fm
ממחטה,mimxaṭā,sg,fm
קפיצות,qficōt,pl,fm
מוות,māwet,sg,ms
אברים,ʔevarīm,pl,ms
גרבי,garbēy,pl,ms
השתוללות,hištolelūt,sg,fm
טיפוס,ṭipūs,sg,ms
בני,bni,sg,ms
ישיבה,yešivā,sg,fm
מחאה,mexaʔā,sg,fm
צעקות,ceʕaqōt,pl,fm
צרחות,craxōt,pl,fm
סליחה,slixā,sg,fm
פרצה,pircā,sg,fm
עורב,ʕorēv,sg,ms
צמרת,camēret,sg,fm
אלף,ʔālef_bet,sg,ms
מחבוא,maxbōʔ,sg,ms
קליפת,qlipāt,sg,fm
מנחת,minxāt,sg,ms
עיניך,ʕeynēyḳa,pl,fm
אוזניך,ʔoznēyḳa,pl,fm
מובנים,muvanīm,pl,ms
ניקוי,niqūy,sg,ms
משפחתה,mišpaxtāh,sg,fm
שמך,šmeḳ,sg,ms
מזמרה,mazmerā,sg,fm
ספארי,safāʔri,sg,ms
אורח,ʔōrax,sg,fm
ספרי,sifrēy,pl,ms
דממה,dmamā,sg,fm
זבובים,zvuvīm,pl,ms
דש,daš,sg,ms
דרשתשלום,drišātšalōm,sg,fm
רעשים,reʕašīm,pl,ms
נוצה,nocā,sg,fm
קרסול,qarsōl,sg,ms
פתיח,patīax,sg,ms
ביסים,bīsim,pl,ms
מנוחה,menuxā,sg,fm
בחורה,baxurā,sg,fm
צביה,cviyā,sg,fm
שובך,šōvaḳ,sg,ms
שופר,šofār,sg,ms
חצוצרה,xacocrā,sg,fm
אוהל,ʔōhel,sg,ms
הוראות,horaʔōt,pl,fm
בדיקה,bdiqā,sg,fm
סוכות,sukōt,pl,fm
אדון,ʔadōn,sg,ms
שערו,ṣeʕarō,sg,ms
סגרי,sigrī,sg,ms
חרבן,xarbān,sg,fm
פוקים,pūqim,pl,ms
כתפיה,ktefiyā,sg,fm
שמלת,ṣimlāt,sg,fm
חרב,xērev,sg,fm
עמית,ʕamīt,sg,ms
עבודת,ʕavodāt,sg,fm
אמה,ʔamā,sg,fm
זרת,zēret,sg,ms
קמיצה,qmicā,sg,fm
חומוס,xūmus,sg,ms
טבע,ṭēvaʕ,sg,ms
טקס,ṭēqes,sg,ms
סלקל,sālqal,sg,ms
שמם,šmam,sg,ms
עופרי,ʕofrī,sg,ms
שיריערש,širēyʕēreṣ,pl,ms
סופגניות,sufganiyōt,pl,fm
קושיות,qušiyōt,pl,fm
שיפוצניקית,šipūcniqit,sg,fm
פזמון,pizmōn,sg,ms
אנטביוטיקה,ʔanṭibyōṭiqa,sg,fm
בלגנים,balagānim,pl,ms
סיבוב,sivūv,sg,ms
מצעים,macaʕīm,pl,ms
דרגה,dargā,sg,fm
אחים,ʔaxīm,pl,ms
ריכוז,rikūz,sg,ms
גיברת,givēret,sg,fm
סופגניה,sufganiyā,sg,fm
שפת,ṣfat,sg,fm
קורקינט,qōrqineṭ,sg,ms
אשמתך,ʔašmatēḳ,sg,fm
ציד,cayād,sg,ms
סיפורי,sipurēy,pl,ms
נשכן,našḳān,sg,ms
צרות,carōt,pl,fm
עוגית,ʕugiyāt,sg,fm
משרוקית,mašroqīt,sg,fm
שייש,šāyiš,sg,ms
מגנטים,magnēṭim,pl,ms
תערוכה,taʕaruḳā,sg,fm
משכורת,maṣkōret,sg,fm
מזרק,mazrēq,sg,ms
סבתות,sāvtot,pl,fm
שכל,ṣēḳel,sg,ms
נרקיסים,narqisīm,pl,ms
רקפות,raqafōt,pl,fm
צילום,cilūm,sg,ms
נרקיס,narqīs,sg,ms
שמרים,šmarīm,pl,ms
קמח,qēmax,sg,ms
בלי,nēveṭ,sg,ms
ציצי,cīci,sg,ms
חזיה,xaziyā,sg,fm
ציצים,cīcim,pl,ms
דעתי,daʕatī,sg,ms
מערוך,maʕarōḳ,sg,ms
רצון,racōn,sg,ms
סגר,sēger,sg,ms
אהובתי,ʔahuvatī,sg,fm
גסות,gasūt,sg,fm
טפיחות,ṭfixōt,pl,fm
בלנדר,blēnder,sg,ms
אפרסמון,ʔafarsemōn,sg,ms
קיווי,qīwi,sg,ms
דבק,magāʕ,sg,ms
שליפה,šlifā,sg,fm
מעגל,maʕagāl,sg,ms
מי,mey,pl,ms
מיץ,baqbuqēy,pl,ms
זברות,zēbrot,pl,fm
פומפיה,pumpiyā,sg,fm
גול,gol,sg,ms
קריאת,qriʔāt,sg,fm
הורה,hōra,sg,fm
כפיות,kapiyōt,pl,fm
חידקים,xaydaqīm,pl,ms
מחלות,maxalōt,pl,fm
מושג,muṣāg,sg,ms
נסיכה,nesiḳā,sg,fm
ממחטות,mimxaṭōt,pl,fm
שדה,šedā,sg,fm
משוכות,meṣuḳōt,pl,fm
חוברות,xovrōt,pl,fm
נקודתחן,nequdātxen,sg,fm
עסק,ʕēseq,sg,ms
טעות,ṭaʕūt,sg,fm
זיקוקים,ziquqīm,pl,ms
יתושים,yetušīm,pl,ms
הרגעה,hargaʕā,sg,fm
התחיבות,hitxayvūt,sg,fm
משפחה,mišpaxā,sg,fm
תפזורת,tifzōret,sg,fm
חומרים,xomarīm,pl,ms
גילך,gilēḳ,sg,ms
דולר,dōlar,sg,ms
נשר,nēšer,sg,ms
גוזל,gozāl,sg,ms
בעלי,baʕalēy,pl,ms
גוזלים,gozalīm,pl,ms
תחילת,txilāt,sg,fm
סירים,sirīm,pl,ms
סנאים,snaʔīm,pl,ms
דמויות,dmuyōt,pl,fm
צילומים,cilumīm,pl,ms
פות,pot,sg,ms
מקורות,meqorōt,pl,ms
כאבים,keʔevīm,pl,ms
מזרן,mizrān,sg,ms
עיגולי,ʕigulēy,pl,ms
אוצר,ʔocār,sg,ms
מצברוח,macāvrūax,sg,ms
אורכו,ʔorkō,sg,ms
דמיון,dimyōn,sg,ms
משקפי,mišqafēy,pl,ms
גומי,gūmi,sg,ms
חלקי,xelqēy,pl,ms
מתכת,matēḳet,sg,fm
חדק,xēdeq,sg,ms
במה,bamā,sg,fm
תאטרון,teʔaṭrōn,sg,ms
בדיל,bdil,sg,ms
קורנפלקס,qōrenfleqs,sg,ms
יויו,yōyo,sg,ms
אלוהים,ʔelohīm,sg,ms
אדם,ʔadām,sg,ms
קלמר,qalmār,sg,ms
כבש,kēveṣ,sg,ms
הרכבה,harkavā,sg,fm
פתקים,ptaqīm,pl,ms
חבורה,xavurā,sg,fm
דומינו,dōmino,sg,ms
שפתיים,ṣfatāyim,pl,ms
טריק,ṭriq,sg,ms
הרכבות,harkavōt,pl,fm
סבתי,savatī,sg,fm
גרביונים,garbiyōnim,pl,ms
להבים,lehavīm,pl,ms
סדרות,sdarōt,pl,fm
סברס,sābres,sg,ms
סברסים,sābresim,pl,ms
אחוז,ʔaxūz,sg,ms
ארונות,ʔaronōt,pl,ms
סדרים,sdarīm,pl,ms
קשואים,qišuʔīm,pl,ms
פטריות,piṭriyōt,pl,fm
כניסה,knisā,sg,fm
רעיונות,raʕayonōt,pl,ms
דורבן,dorbān,sg,ms
תורי,torī,sg,ms
תורך,torēḳ,sg,ms
אילים,ʔayalīm,pl,ms
קלטות,qalaṭōt,pl,fm
גלגולים,gilgulīm,pl,ms
יריד,yarīd,sg,ms
קלקר,qālqar,sg,ms
תפקיד,tafqīd,sg,ms
חורשת,xuršāt,sg,fm
אריה,ʔaryē,sg,ms
שפן,šafān,sg,ms
יד,yad,sg,fm
מיטה,miṭā,sg,fm
סיפור,sipūr,sg,ms
תיק,tiq,sg,ms
גג,gag,sg,ms
ילד,yēled,sg,ms
כובע,kōvaʕ,sg,ms
לחם,lēxem,sg,ms
שיר,šir,sg,ms
דוד,dod,sg,ms
כוס,kos,sg,fm
ים,yam,sg,ms
גלגל,galgāl,sg,ms
סכין,sakīn,sg,ms
דלת,dēlet,sg,fm
חתול,xatūl,sg,ms
תרנגול,tarnegōl,sg,ms
חג,xag,sg,ms
גשם,gēšem,sg,ms
שמים,šamāyim,pl,ms
פרפר,parpār,sg,ms
טלפון,ṭēlefon,sg,ms
סדר,sēder,sg,ms
ספר,sēfer,sg,ms
תינוק,tinōq,sg,ms
גב,gav,sg,ms
בנדוד,bendod,sg,ms
תמונות,tmunōt,pl,fm
טובה,ṭovā,sg,fm
פה,pe,sg,ms
מנורה,menorā,sg,fm
כרובית,kruvīt,sg,fm
תולעת,tolāʕat,sg,fm
כבוד,kavōd,sg,ms
עיגול,ʕigūl,sg,ms
עיגולים,ʕigulīm,pl,ms
חיה,xayā,sg,fm
שירים,širīm,pl,ms
עצים,ʕecīm,pl,ms
מכנסיים,miḳnasāyim,pl,ms
פזל,pāzel,sg,ms
מקום,maqōm,sg,ms
נמר,namēr,sg,ms
קוף,qof,sg,ms
בננה,banāna,sg,fm
בקבוק,baqbūq,sg,ms
כלב,kēlev,sg,ms
עצם,ʕēcem,sg,fm
ספסל,safsāl,sg,ms
ענבים,ʕanavīm,pl,ms
שמש,šēmeš,sg,fm
סבא,sābaʔ,sg,ms
אוטובוס,ʔōṭobus,sg,ms
מכונית,meḳonīt,sg,fm
שלום,šalōm,sg,ms
חרוזים,xaruzīm,pl,ms
קופסה,qufsā,sg,fm
ביצה,beycā,sg,fm
חרוז,xarūz,sg,ms
שולחן,šulxān,sg,ms
חמודה,xamudā,sg,fm
תמונה,tmunā,sg,fm
רגע,rēgaʕ,sg,ms
גיר,gir,sg,ms
ארגז,ʔargāz,sg,ms
בגדים,bgadīm,pl,ms
כיף,keyf,sg,ms
סנדל,sandāl,sg,ms
נעל,nāʕal,sg,fm
רעיון,raʕayōn,sg,ms
דברים,dvarīm,pl,ms
צדדים,cdadīm,pl,ms
טייפ,ṭeyp,sg,ms
כדור,kadūr,sg,ms
רעש,rāʕaš,sg,ms
צוואר,cawāʔr,sg,ms
פצע,pēcaʕ,sg,ms
כיסא,kisēʔ,sg,ms
עגלה,ʕagalā,sg,fm
בית,bāyit,sg,ms
ספרים,sfarīm,pl,ms
כדורים,kadurīm,pl,ms
סופר,sūper_mārqeṭ,sg,ms
כפית,kapīt,sg,fm
גבינה,gvinā,sg,fm
תירס,tīras,sg,ms
צלחת,calāxat,sg,fm
אורז,ʔōrez,sg,ms
מיץ,mic,sg,ms
ברווז,barwāz,sg,ms
סיר,sir,sg,ms
תות,tut,sg,ms
פרצוף,parcūf,sg,ms
סיפורים,sipurīm,pl,ms
בלון,balōn,sg,ms
בטן,bēṭen,sg,fm
עיקר,ʕiqār,sg,ms
עטיפה,ʕaṭifā,sg,fm
רכבת,rakēvet,sg,fm
שעון,šaʕōn,sg,ms
נדנדה,nadnedā,sg,fm
אמבטיות,ʔambāṭyot,pl,fm
רצפה,ricpā,sg,fm
מזלג,mazlēg,sg,ms
ליצן,leycān,sg,ms
נקנקיה,naqniqiyā,sg,fm
חנות,xanūt,sg,fm
בלגן,balagān,sg,ms
מוצץ,mocēc,sg,ms
פסים,pasīm,pl,ms
צורה,curā,sg,fm
כוכב,koḳāv,sg,ms
אוניה,ʔoniyā,sg,fm
קקי,qāqi,sg,ms
קורקבן,qurqevān,sg,ms
כתפיים,ktefāyim,pl,fm
ברך,bēreḳ,sg,fm
אשה,ʔišā,sg,fm
תור,tor,sg,ms
דיוק,diyūq,sg,ms
בצל,bacāl,sg,ms
תפוח,tapūax,sg,ms
פרחים,praxīm,pl,ms
שביל,švil,sg,ms
דרך,dēreḳ,sg,fm
עננים,ʕananīm,pl,ms
ארנב,ʔarnāv,sg,ms
ינשוף,yanšūf,sg,ms
מסטיק,māsṭiq,sg,ms
ארוחה,ʔaruxā,sg,fm
מילה,milā,sg,fm
פפיטה,pepīṭa,sg,fm
בד,bad,sg,ms
רוח,rūax,sg,
לשון,lašōn,sg,fm
ניר,neyār,sg,ms
תה,te,sg,ms
פעם,pāʕam,sg,fm
סימן,simān,sg,ms
כוסות,kosōt,pl,fm
צלחות,calaxōt,pl,fm
תייש,tāyiš,sg,ms
מזל,mazāl,sg,ms
שלולית,šlulīt,sg,fm
תחתונים,taxtonīm,pl,ms
פינה,pinā,sg,fm
חלב,xalāv,sg,ms
שנה,šanā,sg,fm
שורה,šurā,sg,fm
מתנה,matanā,sg,fm
אצבעות,ʔecbaʕōt,pl,fm
כריות,kariyōt,pl,fm
חיים,xayīm,pl,ms
שבת,šabāt,sg,fm
עכברים,ʕaḳbarīm,pl,ms
גמל,gamāl,sg,ms
טלה,ṭalē,sg,ms
מין,min,sg,ms
מדורה,medurā,sg,fm
בן,ben,sg,ms
ביס,bis,sg,ms
מכסה,miḳsē,sg,ms
ציורים,ciyurīm,pl,ms
דבר,davār,sg,ms
כיס,kis,sg,ms
נורה,nurā,sg,fm
דבש,dvaš,sg,ms
אווירון,ʔawirōn,sg,ms
עיזים,ʕizīm,pl,ms
עז,ʕez,sg,fm
שלומך,šlomēḳ,sg,ms
סוסים,susīm,pl,ms
מלחמה,milxamā,sg,fm
אבן,ʔēven,sg,fm
ריבוע,ribūaʕ,sg,ms
טלווזיה,ṭelewīzya,sg,fm
זמן,zman,sg,ms
כלבלב,klavlāv,sg,ms
תקליט,taqlīṭ,sg,ms
מכוניות,meḳoniyōt,pl,fm
סרט,sēreṭ,sg,ms
בנק,banq,sg,ms
עצמך,ʕacmēḳ,sg,fm
צימוקים,cimuqīm,pl,ms
פרה,parā,sg,fm
עדר,ʕēder,sg,ms
חברים,xaverīm,pl,ms
עין,ʕāyin,sg,fm
נשיקה,nešiqā,sg,fm
מגדל,migdāl,sg,ms
נביא,navīʔ,sg,ms
זקן,zaqān,sg,ms
מגבת,magēvet,sg,fm
דלי,dli,sg,ms
תפוחים,tapuxīm,pl,ms
בגד,bēged,sg,ms
שאלה,šeʔelā,sg,fm
פיתה,pīta,sg,fm
קשוא,qišūʔ,sg,ms
עגבניה,ʕagvaniyā,sg,fm
ירקות,yeraqōt,pl,ms
רגליים,raglāyim,pl,fm
מפה,mapā,sg,fm
בנין,binyān,sg,ms
גליל,galīl,sg,ms
כלים,kelīm,pl,ms
סדין,sadīn,sg,ms
בתדודה,batdōda,sg,fm
גובה,gōva,sg,ms
קצה,qce,sg,ms
אווירונים,ʔawironīm,pl,ms
משחק,miṣxāq,sg,ms
נירות,niyarōt,pl,ms
שעה,šaʕā,sg,fm
המון,hamōn,sg,ms
מטבח,miṭbāx,sg,ms
מדרגות,madregōt,pl,fm
שניה,šniyā,sg,fm
גרב,gērev,sg,ms
צעצועים,caʕacuʕīm,pl,ms
צורות,curōt,pl,fm
עיפרון,ʕiparōn,sg,ms
קרונות,qronōt,pl,ms
טיול,ṭiyūl,sg,ms
חתיכה,xatiḳā,sg,fm
גרעינים,garʕinīm,pl,ms
מוזיקה,mūziqa,sg,fm
קליפה,qlipā,sg,fm
לב,lev,sg,ms
צורך,cōreḳ,sg,ms
חברה,xaverā,sg,fm
תינוקת,tinōqet,sg,fm
מצפטל,micpēṭel,sg,ms
יתר,yēter,sg,ms
תרנגולת,tarnegōlet,sg,fm
גופיה,gufiyā,sg,fm
ימין,yemīn,sg,ms
אוהב,ʔohēv,sg,ms
דבק,dēveq,sg,ms
מלך,mēleḳ,sg,ms
נקניק,naqnīq,sg,ms
מלבן,malbēn,sg,ms
אורח,ʔorēax,sg,ms
ציפורים,ciporīm,pl,ms
דודה,dōda,sg,fm
בת,bat,sg,fm
צימוק,cimūq,sg,ms
מקל,maqēl,sg,ms
מלח,mēlax,sg,ms
חלקים,xalaqīm,pl,ms
כסף,kēsef,sg,ms
רשות,rešūt,sg,fm
סוכר,sukār,sg,ms
רחוב,rexōv,sg,ms
סומסום,sūmsum,sg,
פחאשפה,paxʔašpā,sg,ms
חתיכות,xatiḳōt,pl,fm
מכה,makā,sg,fm
סוף,sof,sg,ms
עולים,ʕolīm,pl,ms
מלמד,melamēd,sg,ms
אוהבת,ʔohēvet,sg,fm
דפים,dapīm,pl,ms
מספרים,misparīm,pl,ms
גירים,girīm,pl,ms
ברכיים,birkāyim,pl,fm
חמוד,xamūd,sg,ms
גיבור,gibōr,sg,ms
בנות,banōt,pl,fm
בחור,baxūr,sg,ms
אגם,ʔagām,sg,ms
נשים,našīm,pl,fm
חבר,xavēr,sg,ms
גופתו,gufatō,sg,fm
מפלצת,miflēcet,sg,fm
גינה,ginā,sg,fm
פרווה,parwā,sg,fm
זרעים,zraʕīm,pl,ms
עכביש,ʕakavīš,sg,ms
לוח,lūax,sg,ms
בלונים,balōnim,pl,ms
קסטה,qasēṭa,sg,fm
סוכריה,sukaryā,sg,fm
תותשדה,tutṣadē,sg,ms
תנין,tanīn,sg,ms
כריש,karīš,sg,ms
לוטו,lōṭo,sg,ms
צב,cav,sg,ms
רופא,rofēʔ,sg,
משקפיים,mišqafāyim,pl,ms
סמרטוט,smarṭūṭ,sg,ms
גוף,guf,sg,ms
גרון,garōn,sg,ms
מעטפה,maʕaṭafā,sg,fm
חזרה,xazarā,sg,fm
צפרדע,cfardēaʕ,sg,fm
תנור,tanūr,sg,ms
כפות,kapōt,pl,fm
פנדה,pānda,sg,fm
כיתה,kitā,sg,fm
שם,šem,sg,ms
כר,kar,sg,ms
פי,piʝāma,sg,fm
קלמנטינה,qlemanṭīna,sg,fm
התחלה,hatxalā,sg,fm
הקלטה,haqlaṭā,sg,fm
מהפכה,mahapeḳā,sg,fm
ספה,sapā,sg,fm
קש,qaš,sg,ms
פלסטר,plāsṭer,sg,ms
טוסט,ṭosṭ,sg,ms
כפיים,kapāyim,pl,fm
זהבים,zehavīm,pl,ms
טשו,ṭīšu,sg,ms
רעם,rāʕam,sg,ms
רוטב,rōṭev,sg,ms
קצה,qacē,sg,ms
מעשה,maʕaṣē,sg,ms
קליפות,qlipōt,pl,fm
מסגרת,misgēret,,fm
דוקטור,dōqṭor,sg,ms
עיתים,ʕitīm,pl,fm
מקלות,maqlōt,pl,ms
פנס,panās,sg,ms
ביתי,bitī,sg,fm
שלג,šēleg,sg,ms
עור,ʕor,sg,ms
חנוכיה,xanukiyā,sg,fm
שיטה,šiṭā,sg,fm
הפתעות,haftaʕōt,pl,fm
דמעות,dmaʕōt,pl,fm
דלקת,dalēqet,sg,fm
בוץ,boc,sg,ms
בקבוקים,baqbuqīm,pl,ms
שבועיים,švuʕāyim,,ms
קיר,qir,sg,ms
אורות,ʔorōt,pl,ms
שטויות,šṭuyōt,pl,fm
זאבה,zeʔevā,sg,fm
זאב,zeʔēv,sg,ms
חנויות,xanuyōt,pl,fm
צנצנת,cincēnet,sg,fm
עמודים,ʕamudīm,pl,ms
גשר,gēšer,sg,ms
הורים,horīm,pl,ms
כוח,kōax,sg,ms
דובים,dubīm,pl,ms
מדרכה,midraḳā,sg,fm
טיפה,ṭipā,sg,fm
כיבוד,kibūd,sg,ms
תפוזים,tapuzīm,pl,ms
תקרה,tiqrā,sg,fm
חמציץ,xamcīc,sg,ms
שפיץ,špic,sg,ms
גיבורה,giborā,sg,fm
כביש,kviš,sg,ms
קציצות,qcicōt,pl,fm
עציצים,ʕacicīm,pl,ms
ניגודים,nigudīm,pl,ms
ארוחת,ʔaruxāt,sg,fm
פעמיים,paʕamāyim,,fm
דירים,dayarīm,pl,ms
ארץ,ʔērec,sg,fm
עזרה,ʕezrā,sg,fm
בורקס,burēqas,sg,ms
עצי,ʕacēy,pl,ms
גגות,gagōt,pl,ms
סנדלרים,sandlarīm,pl,ms
אכילה,ʔaḳilā,sg,fm
קסטות,qasēṭot,pl,fm
ספרה,sifrā,sg,fm
דברי,divrēy,pl,ms
קוסם,qosēm,sg,ms
ביתסוהר,beytsōhar,sg,ms
ביגלה,bēygale,sg,fm
עולם,ʕolām,sg,ms
הוקוס,hōqus_pōqus,sg,ms
מיטות,miṭōt,pl,fm
מסרק,masrēq,sg,ms
בנים,banīm,pl,ms
קשוט,qišūṭ,sg,ms
גנשעשועים,ganšaʕašuʕīm,sg,ms
רדיו,rādyo,sg,ms
פרז,frīžider,sg,ms
בגדים,bēgedyam,sg,ms
גננת,ganēnet,sg,fm
עטים,ʕeṭīm,pl,ms
עצמך,ʕacmeḳā,sg,fm
מצלמה,maclemā,sg,fm
עוגתגבינה,ʕugātgvinā,sg,fm
מגלשה,maglešā,sg,fm
גפרורים,gafrurīm,pl,ms
בטריה,baṭarīya,sg,fm
מפיות,mapiyōt,pl,fm
חללית,xalalīt,sg,fm
מקרופון,mīqrofon,sg,ms
חניה,xanayā,sg,fm
שאלות,šeʔelōt,pl,fm
נוי,noy,sg,ms
נורות,nurōt,pl,fm
לונה,lūna_paʔrq,sg,ms
שמפנזה,šimpānza,sg,fm
גיל,gil,sg,ms
כוננית,konanīt,sg,fm
שקלים,šqalīm,pl,ms
סירופ,sīrop,sg,ms
גרעפס,greʕps,sg,ms
גלגול,gilgūl,sg,ms
סיכוי,sikūy,sg,ms
אחיך,ʔaxīḳ,sg,ms
בגדגוף,bēgedguf,sg,ms
טור,ṭur,sg,ms
קניות,qniyōt,pl,fm
קנים,qanīm,pl,ms
